Not found,x
Midwood Smokehouse,0.191957711111171
Bad Daddy's Burger Bar - Dilworth,0.180294235670482
Cabo Fish Taco,0.176885652487645
Zada Jane's Corner Cafe,0.15257127685912
Dandelion Market,0.145783943962466
Ru San's,0.134277694820125
Luna's Living Kitchen,0.129732715116068
Cajun Queen Restaurant,0.126693565453519
The Liberty,0.120931768527369
VBGB Beer Hall and Garden,0.119988635934199
5Church,0.118754546149312
Pio Pio,0.115950129976861
The Common Market,0.115916131611569
Heist Brewery,0.114767862052812
